4Trade,2024-12-18 09:46:36
ALTIA-Investment,2024-12-18 09:46:40
ANTONIOTAGLIERI,2024-12-18 09:46:43
Absterben,2024-12-18 09:46:47
Adamj20215,2024-12-18 09:46:50
AlbertoZapata86,2024-12-18 09:46:54
Aljanmont,2024-12-18 09:46:57
AloyzasV,2024-12-18 09:47:01
AmitKup,2024-12-18 09:47:04
AnonTrader7,2024-12-18 09:47:08
Aresblack,2024-12-18 09:47:11
AtlasCapital,2024-12-18 09:47:15
AutoUser130,2024-12-18 09:47:18
BTphonehome,2024-12-18 09:47:21
Barti25,2024-12-18 09:47:25
BennParsons,2024-12-18 09:47:29
BioTechInvestors,2024-12-18 09:47:32
BlazeRelease,2024-12-18 09:47:36
Boyers314,2024-12-18 09:47:39
CARLOSGUI,2024-12-18 09:47:42
CPHequities,2024-12-18 09:47:46
Cabo_ose,2023-12-18 09:47:50
Carrotcake4life,2024-12-18 09:47:53
